o_zone_id,d_zone_id,volume
1000001,1000002,10
1000001,1000003,10
1000001,1000004,10
1000001,1000005,10
1000001,1000006,10
1000001,1000007,10
1000001,1000008,10
1000001,1000009,10
1000001,1000010,10
1000001,1000011,10
1000001,1000012,10
1000001,1000013,10
1000001,1000014,10
1000001,1000015,10
1000001,1000016,10
1000001,1000017,10
1000001,1000018,10
1000001,1000019,10
1000001,1000020,10
1000001,1000021,10
1000001,1000022,10
1000001,1000023,10
1000001,1000024,10
1000001,1000025,10
1000001,1000026,10
1000001,1000027,10
1000001,1000028,10
1000001,1000029,10
1000001,1000030,10
1000001,1000031,10
1000001,1000032,10
1000001,1000033,10
1000001,1000034,10
1000001,1000035,10
1000001,1000036,10
1000001,1000037,10
1000001,1000038,10
1000001,1000039,10
1000001,1000040,10
1000001,1000041,10
1000001,1000042,10
1000001,1000043,10
1000001,1000044,10
1000001,1000045,10
1000001,1000046,10
1000001,1000047,10
1000001,1000048,10
1000001,1000049,10
1000001,1000050,10
1000002,1000001,10
1000002,1000003,10
1000002,1000004,10
1000002,1000005,10
1000002,1000006,10
1000002,1000007,10
1000002,1000008,10
1000002,1000009,10
1000002,1000010,10
1000002,1000011,10
1000002,1000012,10
1000002,1000013,10
1000002,1000014,10
1000002,1000015,10
1000002,1000016,10
1000002,1000017,10
1000002,1000018,10
1000002,1000019,10
1000002,1000020,10
1000002,1000021,10
1000002,1000022,10
1000002,1000023,10
1000002,1000024,10
1000002,1000025,10
1000002,1000026,10
1000002,1000027,10
1000002,1000028,10
1000002,1000029,10
1000002,1000030,10
1000002,1000031,10
1000002,1000032,10
1000002,1000033,10
1000002,1000034,10
1000002,1000035,10
1000002,1000036,10
1000002,1000037,10
1000002,1000038,10
1000002,1000039,10
1000002,1000040,10
1000002,1000041,10
1000002,1000042,10
1000002,1000043,10
1000002,1000044,10
1000002,1000045,10
1000002,1000046,10
1000002,1000047,10
1000002,1000048,10
1000002,1000049,10
1000002,1000050,10
1000003,1000001,10
1000003,1000002,10
1000003,1000004,10
1000003,1000005,10
1000003,1000006,10
1000003,1000007,10
1000003,1000008,10
1000003,1000009,10
1000003,1000010,10
1000003,1000011,10
1000003,1000012,10
1000003,1000013,10
1000003,1000014,10
1000003,1000015,10
1000003,1000016,10
1000003,1000017,10
1000003,1000018,10
1000003,1000019,10
1000003,1000020,10
1000003,1000021,10
1000003,1000022,10
1000003,1000023,10
1000003,1000024,10
1000003,1000025,10
1000003,1000026,10
1000003,1000027,10
1000003,1000028,10
1000003,1000029,10
1000003,1000030,10
1000003,1000031,10
1000003,1000032,10
1000003,1000033,10
1000003,1000034,10
1000003,1000035,10
1000003,1000036,10
1000003,1000037,10
1000003,1000038,10
1000003,1000039,10
1000003,1000040,10
1000003,1000041,10
1000003,1000042,10
1000003,1000043,10
1000003,1000044,10
1000003,1000045,10
1000003,1000046,10
1000003,1000047,10
1000003,1000048,10
1000003,1000049,10
1000003,1000050,10
1000004,1000001,10
1000004,1000002,10
1000004,1000003,10
1000004,1000005,10
1000004,1000006,10
1000004,1000007,10
1000004,1000008,10
1000004,1000009,10
1000004,1000010,10
1000004,1000011,10
1000004,1000012,10
1000004,1000013,10
1000004,1000014,10
1000004,1000015,10
1000004,1000016,10
1000004,1000017,10
1000004,1000018,10
1000004,1000019,10
1000004,1000020,10
1000004,1000021,10
1000004,1000022,10
1000004,1000023,10
1000004,1000024,10
1000004,1000025,10
1000004,1000026,10
1000004,1000027,10
1000004,1000028,10
1000004,1000029,10
1000004,1000030,10
1000004,1000031,10
1000004,1000032,10
1000004,1000033,10
1000004,1000034,10
1000004,1000035,10
1000004,1000036,10
1000004,1000037,10
1000004,1000038,10
1000004,1000039,10
1000004,1000040,10
1000004,1000041,10
1000004,1000042,10
1000004,1000043,10
1000004,1000044,10
1000004,1000045,10
1000004,1000046,10
1000004,1000047,10
1000004,1000048,10
1000004,1000049,10
1000004,1000050,10
1000005,1000001,10
1000005,1000002,10
1000005,1000003,10
1000005,1000004,10
1000005,1000006,10
1000005,1000007,10
1000005,1000008,10
1000005,1000009,10
1000005,1000010,10
1000005,1000011,10
1000005,1000012,10
1000005,1000013,10
1000005,1000014,10
1000005,1000015,10
1000005,1000016,10
1000005,1000017,10
1000005,1000018,10
1000005,1000019,10
1000005,1000020,10
1000005,1000021,10
1000005,1000022,10
1000005,1000023,10
1000005,1000024,10
1000005,1000025,10
1000005,1000026,10
1000005,1000027,10
1000005,1000028,10
1000005,1000029,10
1000005,1000030,10
1000005,1000031,10
1000005,1000032,10
1000005,1000033,10
1000005,1000034,10
1000005,1000035,10
1000005,1000036,10
1000005,1000037,10
1000005,1000038,10
1000005,1000039,10
1000005,1000040,10
1000005,1000041,10
1000005,1000042,10
1000005,1000043,10
1000005,1000044,10
1000005,1000045,10
1000005,1000046,10
1000005,1000047,10
1000005,1000048,10
1000005,1000049,10
1000005,1000050,10
1000006,1000001,10
1000006,1000002,10
1000006,1000003,10
1000006,1000004,10
1000006,1000005,10
1000006,1000007,10
1000006,1000008,10
1000006,1000009,10
1000006,1000010,10
1000006,1000011,10
1000006,1000012,10
1000006,1000013,10
1000006,1000014,10
1000006,1000015,10
1000006,1000016,10
1000006,1000017,10
1000006,1000018,10
1000006,1000019,10
1000006,1000020,10
1000006,1000021,10
1000006,1000022,10
1000006,1000023,10
1000006,1000024,10
1000006,1000025,10
1000006,1000026,10
1000006,1000027,10
1000006,1000028,10
1000006,1000029,10
1000006,1000030,10
1000006,1000031,10
1000006,1000032,10
1000006,1000033,10
1000006,1000034,10
1000006,1000035,10
1000006,1000036,10
1000006,1000037,10
1000006,1000038,10
1000006,1000039,10
1000006,1000040,10
1000006,1000041,10
1000006,1000042,10
1000006,1000043,10
1000006,1000044,10
1000006,1000045,10
1000006,1000046,10
1000006,1000047,10
1000006,1000048,10
1000006,1000049,10
1000006,1000050,10
1000007,1000001,10
1000007,1000002,10
1000007,1000003,10
1000007,1000004,10
1000007,1000005,10
1000007,1000006,10
1000007,1000008,10
1000007,1000009,10
1000007,1000010,10
1000007,1000011,10
1000007,1000012,10
1000007,1000013,10
1000007,1000014,10
1000007,1000015,10
1000007,1000016,10
1000007,1000017,10
1000007,1000018,10
1000007,1000019,10
1000007,1000020,10
1000007,1000021,10
1000007,1000022,10
1000007,1000023,10
1000007,1000024,10
1000007,1000025,10
1000007,1000026,10
1000007,1000027,10
1000007,1000028,10
1000007,1000029,10
1000007,1000030,10
1000007,1000031,10
1000007,1000032,10
1000007,1000033,10
1000007,1000034,10
1000007,1000035,10
1000007,1000036,10
1000007,1000037,10
1000007,1000038,10
1000007,1000039,10
1000007,1000040,10
1000007,1000041,10
1000007,1000042,10
1000007,1000043,10
1000007,1000044,10
1000007,1000045,10
1000007,1000046,10
1000007,1000047,10
1000007,1000048,10
1000007,1000049,10
1000007,1000050,10
1000008,1000001,10
1000008,1000002,10
1000008,1000003,10
1000008,1000004,10
1000008,1000005,10
1000008,1000006,10
1000008,1000007,10
1000008,1000009,10
1000008,1000010,10
1000008,1000011,10
1000008,1000012,10
1000008,1000013,10
1000008,1000014,10
1000008,1000015,10
1000008,1000016,10
1000008,1000017,10
1000008,1000018,10
1000008,1000019,10
1000008,1000020,10
1000008,1000021,10
1000008,1000022,10
1000008,1000023,10
1000008,1000024,10
1000008,1000025,10
1000008,1000026,10
1000008,1000027,10
1000008,1000028,10
1000008,1000029,10
1000008,1000030,10
1000008,1000031,10
1000008,1000032,10
1000008,1000033,10
1000008,1000034,10
1000008,1000035,10
1000008,1000036,10
1000008,1000037,10
1000008,1000038,10
1000008,1000039,10
1000008,1000040,10
1000008,1000041,10
1000008,1000042,10
1000008,1000043,10
1000008,1000044,10
1000008,1000045,10
1000008,1000046,10
1000008,1000047,10
1000008,1000048,10
1000008,1000049,10
1000008,1000050,10
1000009,1000001,10
1000009,1000002,10
1000009,1000003,10
1000009,1000004,10
1000009,1000005,10
1000009,1000006,10
1000009,1000007,10
1000009,1000008,10
1000009,1000010,10
1000009,1000011,10
1000009,1000012,10
1000009,1000013,10
1000009,1000014,10
1000009,1000015,10
1000009,1000016,10
1000009,1000017,10
1000009,1000018,10
1000009,1000019,10
1000009,1000020,10
1000009,1000021,10
1000009,1000022,10
1000009,1000023,10
1000009,1000024,10
1000009,1000025,10
1000009,1000026,10
1000009,1000027,10
1000009,1000028,10
1000009,1000029,10
1000009,1000030,10
1000009,1000031,10
1000009,1000032,10
1000009,1000033,10
1000009,1000034,10
1000009,1000035,10
1000009,1000036,10
1000009,1000037,10
1000009,1000038,10
1000009,1000039,10
1000009,1000040,10
1000009,1000041,10
1000009,1000042,10
1000009,1000043,10
1000009,1000044,10
1000009,1000045,10
1000009,1000046,10
1000009,1000047,10
1000009,1000048,10
1000009,1000049,10
1000009,1000050,10
1000010,1000001,10
1000010,1000002,10
1000010,1000003,10
1000010,1000004,10
1000010,1000005,10
1000010,1000006,10
1000010,1000007,10
1000010,1000008,10
1000010,1000009,10
1000010,1000011,10
1000010,1000012,10
1000010,1000013,10
1000010,1000014,10
1000010,1000015,10
1000010,1000016,10
1000010,1000017,10
1000010,1000018,10
1000010,1000019,10
1000010,1000020,10
1000010,1000021,10
1000010,1000022,10
1000010,1000023,10
1000010,1000024,10
1000010,1000025,10
1000010,1000026,10
1000010,1000027,10
1000010,1000028,10
1000010,1000029,10
1000010,1000030,10
1000010,1000031,10
1000010,1000032,10
1000010,1000033,10
1000010,1000034,10
1000010,1000035,10
1000010,1000036,10
1000010,1000037,10
1000010,1000038,10
1000010,1000039,10
1000010,1000040,10
1000010,1000041,10
1000010,1000042,10
1000010,1000043,10
1000010,1000044,10
1000010,1000045,10
1000010,1000046,10
1000010,1000047,10
1000010,1000048,10
1000010,1000049,10
1000010,1000050,10
1000011,1000001,10
1000011,1000002,10
1000011,1000003,10
1000011,1000004,10
1000011,1000005,10
1000011,1000006,10
1000011,1000007,10
1000011,1000008,10
1000011,1000009,10
1000011,1000010,10
1000011,1000012,10
1000011,1000013,10
1000011,1000014,10
1000011,1000015,10
1000011,1000016,10
1000011,1000017,10
1000011,1000018,10
1000011,1000019,10
1000011,1000020,10
1000011,1000021,10
1000011,1000022,10
1000011,1000023,10
1000011,1000024,10
1000011,1000025,10
1000011,1000026,10
1000011,1000027,10
1000011,1000028,10
1000011,1000029,10
1000011,1000030,10
1000011,1000031,10
1000011,1000032,10
1000011,1000033,10
1000011,1000034,10
1000011,1000035,10
1000011,1000036,10
1000011,1000037,10
1000011,1000038,10
1000011,1000039,10
1000011,1000040,10
1000011,1000041,10
1000011,1000042,10
1000011,1000043,10
1000011,1000044,10
1000011,1000045,10
1000011,1000046,10
1000011,1000047,10
1000011,1000048,10
1000011,1000049,10
1000011,1000050,10
1000012,1000001,10
1000012,1000002,10
1000012,1000003,10
1000012,1000004,10
1000012,1000005,10
1000012,1000006,10
1000012,1000007,10
1000012,1000008,10
1000012,1000009,10
1000012,1000010,10
1000012,1000011,10
1000012,1000013,10
1000012,1000014,10
1000012,1000015,10
1000012,1000016,10
1000012,1000017,10
1000012,1000018,10
1000012,1000019,10
1000012,1000020,10
1000012,1000021,10
1000012,1000022,10
1000012,1000023,10
1000012,1000024,10
1000012,1000025,10
1000012,1000026,10
1000012,1000027,10
1000012,1000028,10
1000012,1000029,10
1000012,1000030,10
1000012,1000031,10
1000012,1000032,10
1000012,1000033,10
1000012,1000034,10
1000012,1000035,10
1000012,1000036,10
1000012,1000037,10
1000012,1000038,10
1000012,1000039,10
1000012,1000040,10
1000012,1000041,10
1000012,1000042,10
1000012,1000043,10
1000012,1000044,10
1000012,1000045,10
1000012,1000046,10
1000012,1000047,10
1000012,1000048,10
1000012,1000049,10
1000012,1000050,10
1000013,1000001,10
1000013,1000002,10
1000013,1000003,10
1000013,1000004,10
1000013,1000005,10
1000013,1000006,10
1000013,1000007,10
1000013,1000008,10
1000013,1000009,10
1000013,1000010,10
1000013,1000011,10
1000013,1000012,10
1000013,1000014,10
1000013,1000015,10
1000013,1000016,10
1000013,1000017,10
1000013,1000018,10
1000013,1000019,10
1000013,1000020,10
1000013,1000021,10
1000013,1000022,10
1000013,1000023,10
1000013,1000024,10
1000013,1000025,10
1000013,1000026,10
1000013,1000027,10
1000013,1000028,10
1000013,1000029,10
1000013,1000030,10
1000013,1000031,10
1000013,1000032,10
1000013,1000033,10
1000013,1000034,10
1000013,1000035,10
1000013,1000036,10
1000013,1000037,10
1000013,1000038,10
1000013,1000039,10
1000013,1000040,10
1000013,1000041,10
1000013,1000042,10
1000013,1000043,10
1000013,1000044,10
1000013,1000045,10
1000013,1000046,10
1000013,1000047,10
1000013,1000048,10
1000013,1000049,10
1000013,1000050,10
1000014,1000001,10
1000014,1000002,10
1000014,1000003,10
1000014,1000004,10
1000014,1000005,10
1000014,1000006,10
1000014,1000007,10
1000014,1000008,10
1000014,1000009,10
1000014,1000010,10
1000014,1000011,10
1000014,1000012,10
1000014,1000013,10
1000014,1000015,10
1000014,1000016,10
1000014,1000017,10
1000014,1000018,10
1000014,1000019,10
1000014,1000020,10
1000014,1000021,10
1000014,1000022,10
1000014,1000023,10
1000014,1000024,10
1000014,1000025,10
1000014,1000026,10
1000014,1000027,10
1000014,1000028,10
1000014,1000029,10
1000014,1000030,10
1000014,1000031,10
1000014,1000032,10
1000014,1000033,10
1000014,1000034,10
1000014,1000035,10
1000014,1000036,10
1000014,1000037,10
1000014,1000038,10
1000014,1000039,10
1000014,1000040,10
1000014,1000041,10
1000014,1000042,10
1000014,1000043,10
1000014,1000044,10
1000014,1000045,10
1000014,1000046,10
1000014,1000047,10
1000014,1000048,10
1000014,1000049,10
1000014,1000050,10
1000015,1000001,10
1000015,1000002,10
1000015,1000003,10
1000015,1000004,10
1000015,1000005,10
1000015,1000006,10
1000015,1000007,10
1000015,1000008,10
1000015,1000009,10
1000015,1000010,10
1000015,1000011,10
1000015,1000012,10
1000015,1000013,10
1000015,1000014,10
1000015,1000016,10
1000015,1000017,10
1000015,1000018,10
1000015,1000019,10
1000015,1000020,10
1000015,1000021,10
1000015,1000022,10
1000015,1000023,10
1000015,1000024,10
1000015,1000025,10
1000015,1000026,10
1000015,1000027,10
1000015,1000028,10
1000015,1000029,10
1000015,1000030,10
1000015,1000031,10
1000015,1000032,10
1000015,1000033,10
1000015,1000034,10
1000015,1000035,10
1000015,1000036,10
1000015,1000037,10
1000015,1000038,10
1000015,1000039,10
1000015,1000040,10
1000015,1000041,10
1000015,1000042,10
1000015,1000043,10
1000015,1000044,10
1000015,1000045,10
1000015,1000046,10
1000015,1000047,10
1000015,1000048,10
1000015,1000049,10
1000015,1000050,10
1000016,1000001,10
1000016,1000002,10
1000016,1000003,10
1000016,1000004,10
1000016,1000005,10
1000016,1000006,10
1000016,1000007,10
1000016,1000008,10
1000016,1000009,10
1000016,1000010,10
1000016,1000011,10
1000016,1000012,10
1000016,1000013,10
1000016,1000014,10
1000016,1000015,10
1000016,1000017,10
1000016,1000018,10
1000016,1000019,10
1000016,1000020,10
1000016,1000021,10
1000016,1000022,10
1000016,1000023,10
1000016,1000024,10
1000016,1000025,10
1000016,1000026,10
1000016,1000027,10
1000016,1000028,10
1000016,1000029,10
1000016,1000030,10
1000016,1000031,10
1000016,1000032,10
1000016,1000033,10
1000016,1000034,10
1000016,1000035,10
1000016,1000036,10
1000016,1000037,10
1000016,1000038,10
1000016,1000039,10
1000016,1000040,10
1000016,1000041,10
1000016,1000042,10
1000016,1000043,10
1000016,1000044,10
1000016,1000045,10
1000016,1000046,10
1000016,1000047,10
1000016,1000048,10
1000016,1000049,10
1000016,1000050,10
1000017,1000001,10
1000017,1000002,10
1000017,1000003,10
1000017,1000004,10
1000017,1000005,10
1000017,1000006,10
1000017,1000007,10
1000017,1000008,10
1000017,1000009,10
1000017,1000010,10
1000017,1000011,10
1000017,1000012,10
1000017,1000013,10
1000017,1000014,10
1000017,1000015,10
1000017,1000016,10
1000017,1000018,10
1000017,1000019,10
1000017,1000020,10
1000017,1000021,10
1000017,1000022,10
1000017,1000023,10
1000017,1000024,10
1000017,1000025,10
1000017,1000026,10
1000017,1000027,10
1000017,1000028,10
1000017,1000029,10
1000017,1000030,10
1000017,1000031,10
1000017,1000032,10
1000017,1000033,10
1000017,1000034,10
1000017,1000035,10
1000017,1000036,10
1000017,1000037,10
1000017,1000038,10
1000017,1000039,10
1000017,1000040,10
1000017,1000041,10
1000017,1000042,10
1000017,1000043,10
1000017,1000044,10
1000017,1000045,10
1000017,1000046,10
1000017,1000047,10
1000017,1000048,10
1000017,1000049,10
1000017,1000050,10
1000018,1000001,10
1000018,1000002,10
1000018,1000003,10
1000018,1000004,10
1000018,1000005,10
1000018,1000006,10
1000018,1000007,10
1000018,1000008,10
1000018,1000009,10
1000018,1000010,10
1000018,1000011,10
1000018,1000012,10
1000018,1000013,10
1000018,1000014,10
1000018,1000015,10
1000018,1000016,10
1000018,1000017,10
1000018,1000019,10
1000018,1000020,10
1000018,1000021,10
1000018,1000022,10
1000018,1000023,10
1000018,1000024,10
1000018,1000025,10
1000018,1000026,10
1000018,1000027,10
1000018,1000028,10
1000018,1000029,10
1000018,1000030,10
1000018,1000031,10
1000018,1000032,10
1000018,1000033,10
1000018,1000034,10
1000018,1000035,10
1000018,1000036,10
1000018,1000037,10
1000018,1000038,10
1000018,1000039,10
1000018,1000040,10
1000018,1000041,10
1000018,1000042,10
1000018,1000043,10
1000018,1000044,10
1000018,1000045,10
1000018,1000046,10
1000018,1000047,10
1000018,1000048,10
1000018,1000049,10
1000018,1000050,10
1000019,1000001,10
1000019,1000002,10
1000019,1000003,10
1000019,1000004,10
1000019,1000005,10
1000019,1000006,10
1000019,1000007,10
1000019,1000008,10
1000019,1000009,10
1000019,1000010,10
1000019,1000011,10
1000019,1000012,10
1000019,1000013,10
1000019,1000014,10
1000019,1000015,10
1000019,1000016,10
1000019,1000017,10
1000019,1000018,10
1000019,1000020,10
1000019,1000021,10
1000019,1000022,10
1000019,1000023,10
1000019,1000024,10
1000019,1000025,10
1000019,1000026,10
1000019,1000027,10
1000019,1000028,10
1000019,1000029,10
1000019,1000030,10
1000019,1000031,10
1000019,1000032,10
1000019,1000033,10
1000019,1000034,10
1000019,1000035,10
1000019,1000036,10
1000019,1000037,10
1000019,1000038,10
1000019,1000039,10
1000019,1000040,10
1000019,1000041,10
1000019,1000042,10
1000019,1000043,10
1000019,1000044,10
1000019,1000045,10
1000019,1000046,10
1000019,1000047,10
1000019,1000048,10
1000019,1000049,10
1000019,1000050,10
1000020,1000001,10
1000020,1000002,10
1000020,1000003,10
1000020,1000004,10
1000020,1000005,10
1000020,1000006,10
1000020,1000007,10
1000020,1000008,10
1000020,1000009,10
1000020,1000010,10
1000020,1000011,10
1000020,1000012,10
1000020,1000013,10
1000020,1000014,10
1000020,1000015,10
1000020,1000016,10
1000020,1000017,10
1000020,1000018,10
1000020,1000019,10
1000020,1000021,10
1000020,1000022,10
1000020,1000023,10
1000020,1000024,10
1000020,1000025,10
1000020,1000026,10
1000020,1000027,10
1000020,1000028,10
1000020,1000029,10
1000020,1000030,10
1000020,1000031,10
1000020,1000032,10
1000020,1000033,10
1000020,1000034,10
1000020,1000035,10
1000020,1000036,10
1000020,1000037,10
1000020,1000038,10
1000020,1000039,10
1000020,1000040,10
1000020,1000041,10
1000020,1000042,10
1000020,1000043,10
1000020,1000044,10
1000020,1000045,10
1000020,1000046,10
1000020,1000047,10
1000020,1000048,10
1000020,1000049,10
1000020,1000050,10
1000021,1000001,10
1000021,1000002,10
1000021,1000003,10
1000021,1000004,10
1000021,1000005,10
1000021,1000006,10
1000021,1000007,10
1000021,1000008,10
1000021,1000009,10
1000021,1000010,10
1000021,1000011,10
1000021,1000012,10
1000021,1000013,10
1000021,1000014,10
1000021,1000015,10
1000021,1000016,10
1000021,1000017,10
1000021,1000018,10
1000021,1000019,10
1000021,1000020,10
1000021,1000022,10
1000021,1000023,10
1000021,1000024,10
1000021,1000025,10
1000021,1000026,10
1000021,1000027,10
1000021,1000028,10
1000021,1000029,10
1000021,1000030,10
1000021,1000031,10
1000021,1000032,10
1000021,1000033,10
1000021,1000034,10
1000021,1000035,10
1000021,1000036,10
1000021,1000037,10
1000021,1000038,10
1000021,1000039,10
1000021,1000040,10
1000021,1000041,10
1000021,1000042,10
1000021,1000043,10
1000021,1000044,10
1000021,1000045,10
1000021,1000046,10
1000021,1000047,10
1000021,1000048,10
1000021,1000049,10
1000021,1000050,10
1000022,1000001,10
1000022,1000002,10
1000022,1000003,10
1000022,1000004,10
1000022,1000005,10
1000022,1000006,10
1000022,1000007,10
1000022,1000008,10
1000022,1000009,10
1000022,1000010,10
1000022,1000011,10
1000022,1000012,10
1000022,1000013,10
1000022,1000014,10
1000022,1000015,10
1000022,1000016,10
1000022,1000017,10
1000022,1000018,10
1000022,1000019,10
1000022,1000020,10
1000022,1000021,10
1000022,1000023,10
1000022,1000024,10
1000022,1000025,10
1000022,1000026,10
1000022,1000027,10
1000022,1000028,10
1000022,1000029,10
1000022,1000030,10
1000022,1000031,10
1000022,1000032,10
1000022,1000033,10
1000022,1000034,10
1000022,1000035,10
1000022,1000036,10
1000022,1000037,10
1000022,1000038,10
1000022,1000039,10
1000022,1000040,10
1000022,1000041,10
1000022,1000042,10
1000022,1000043,10
1000022,1000044,10
1000022,1000045,10
1000022,1000046,10
1000022,1000047,10
1000022,1000048,10
1000022,1000049,10
1000022,1000050,10
1000023,1000001,10
1000023,1000002,10
1000023,1000003,10
1000023,1000004,10
1000023,1000005,10
1000023,1000006,10
1000023,1000007,10
1000023,1000008,10
1000023,1000009,10
1000023,1000010,10
1000023,1000011,10
1000023,1000012,10
1000023,1000013,10
1000023,1000014,10
1000023,1000015,10
1000023,1000016,10
1000023,1000017,10
1000023,1000018,10
1000023,1000019,10
1000023,1000020,10
1000023,1000021,10
1000023,1000022,10
1000023,1000024,10
1000023,1000025,10
1000023,1000026,10
1000023,1000027,10
1000023,1000028,10
1000023,1000029,10
1000023,1000030,10
1000023,1000031,10
1000023,1000032,10
1000023,1000033,10
1000023,1000034,10
1000023,1000035,10
1000023,1000036,10
1000023,1000037,10
1000023,1000038,10
1000023,1000039,10
1000023,1000040,10
1000023,1000041,10
1000023,1000042,10
1000023,1000043,10
1000023,1000044,10
1000023,1000045,10
1000023,1000046,10
1000023,1000047,10
1000023,1000048,10
1000023,1000049,10
1000023,1000050,10
1000024,1000001,10
1000024,1000002,10
1000024,1000003,10
1000024,1000004,10
1000024,1000005,10
1000024,1000006,10
1000024,1000007,10
1000024,1000008,10
1000024,1000009,10
1000024,1000010,10
1000024,1000011,10
1000024,1000012,10
1000024,1000013,10
1000024,1000014,10
1000024,1000015,10
1000024,1000016,10
1000024,1000017,10
1000024,1000018,10
1000024,1000019,10
1000024,1000020,10
1000024,1000021,10
1000024,1000022,10
1000024,1000023,10
1000024,1000025,10
1000024,1000026,10
1000024,1000027,10
1000024,1000028,10
1000024,1000029,10
1000024,1000030,10
1000024,1000031,10
1000024,1000032,10
1000024,1000033,10
1000024,1000034,10
1000024,1000035,10
1000024,1000036,10
1000024,1000037,10
1000024,1000038,10
1000024,1000039,10
1000024,1000040,10
1000024,1000041,10
1000024,1000042,10
1000024,1000043,10
1000024,1000044,10
1000024,1000045,10
1000024,1000046,10
1000024,1000047,10
1000024,1000048,10
1000024,1000049,10
1000024,1000050,10
1000025,1000001,10
1000025,1000002,10
1000025,1000003,10
1000025,1000004,10
1000025,1000005,10
1000025,1000006,10
1000025,1000007,10
1000025,1000008,10
1000025,1000009,10
1000025,1000010,10
1000025,1000011,10
1000025,1000012,10
1000025,1000013,10
1000025,1000014,10
1000025,1000015,10
1000025,1000016,10
1000025,1000017,10
1000025,1000018,10
1000025,1000019,10
1000025,1000020,10
1000025,1000021,10
1000025,1000022,10
1000025,1000023,10
1000025,1000024,10
1000025,1000026,10
1000025,1000027,10
1000025,1000028,10
1000025,1000029,10
1000025,1000030,10
1000025,1000031,10
1000025,1000032,10
1000025,1000033,10
1000025,1000034,10
1000025,1000035,10
1000025,1000036,10
1000025,1000037,10
1000025,1000038,10
1000025,1000039,10
1000025,1000040,10
1000025,1000041,10
1000025,1000042,10
1000025,1000043,10
1000025,1000044,10
1000025,1000045,10
1000025,1000046,10
1000025,1000047,10
1000025,1000048,10
1000025,1000049,10
1000025,1000050,10
1000026,1000001,10
1000026,1000002,10
1000026,1000003,10
1000026,1000004,10
1000026,1000005,10
1000026,1000006,10
1000026,1000007,10
1000026,1000008,10
1000026,1000009,10
1000026,1000010,10
1000026,1000011,10
1000026,1000012,10
1000026,1000013,10
1000026,1000014,10
1000026,1000015,10
1000026,1000016,10
1000026,1000017,10
1000026,1000018,10
1000026,1000019,10
1000026,1000020,10
1000026,1000021,10
1000026,1000022,10
1000026,1000023,10
1000026,1000024,10
1000026,1000025,10
1000026,1000027,10
1000026,1000028,10
1000026,1000029,10
1000026,1000030,10
1000026,1000031,10
1000026,1000032,10
1000026,1000033,10
1000026,1000034,10
1000026,1000035,10
1000026,1000036,10
1000026,1000037,10
1000026,1000038,10
1000026,1000039,10
1000026,1000040,10
1000026,1000041,10
1000026,1000042,10
1000026,1000043,10
1000026,1000044,10
1000026,1000045,10
1000026,1000046,10
1000026,1000047,10
1000026,1000048,10
1000026,1000049,10
1000026,1000050,10
1000027,1000001,10
1000027,1000002,10
1000027,1000003,10
1000027,1000004,10
1000027,1000005,10
1000027,1000006,10
1000027,1000007,10
1000027,1000008,10
1000027,1000009,10
1000027,1000010,10
1000027,1000011,10
1000027,1000012,10
1000027,1000013,10
1000027,1000014,10
1000027,1000015,10
1000027,1000016,10
1000027,1000017,10
1000027,1000018,10
1000027,1000019,10
1000027,1000020,10
1000027,1000021,10
1000027,1000022,10
1000027,1000023,10
1000027,1000024,10
1000027,1000025,10
1000027,1000026,10
1000027,1000028,10
1000027,1000029,10
1000027,1000030,10
1000027,1000031,10
1000027,1000032,10
1000027,1000033,10
1000027,1000034,10
1000027,1000035,10
1000027,1000036,10
1000027,1000037,10
1000027,1000038,10
1000027,1000039,10
1000027,1000040,10
1000027,1000041,10
1000027,1000042,10
1000027,1000043,10
1000027,1000044,10
1000027,1000045,10
1000027,1000046,10
1000027,1000047,10
1000027,1000048,10
1000027,1000049,10
1000027,1000050,10
1000028,1000001,10
1000028,1000002,10
1000028,1000003,10
1000028,1000004,10
1000028,1000005,10
1000028,1000006,10
1000028,1000007,10
1000028,1000008,10
1000028,1000009,10
1000028,1000010,10
1000028,1000011,10
1000028,1000012,10
1000028,1000013,10
1000028,1000014,10
1000028,1000015,10
1000028,1000016,10
1000028,1000017,10
1000028,1000018,10
1000028,1000019,10
1000028,1000020,10
1000028,1000021,10
1000028,1000022,10
1000028,1000023,10
1000028,1000024,10
1000028,1000025,10
1000028,1000026,10
1000028,1000027,10
1000028,1000029,10
1000028,1000030,10
1000028,1000031,10
1000028,1000032,10
1000028,1000033,10
1000028,1000034,10
1000028,1000035,10
1000028,1000036,10
1000028,1000037,10
1000028,1000038,10
1000028,1000039,10
1000028,1000040,10
1000028,1000041,10
1000028,1000042,10
1000028,1000043,10
1000028,1000044,10
1000028,1000045,10
1000028,1000046,10
1000028,1000047,10
1000028,1000048,10
1000028,1000049,10
1000028,1000050,10
1000029,1000001,10
1000029,1000002,10
1000029,1000003,10
1000029,1000004,10
1000029,1000005,10
1000029,1000006,10
1000029,1000007,10
1000029,1000008,10
1000029,1000009,10
1000029,1000010,10
1000029,1000011,10
1000029,1000012,10
1000029,1000013,10
1000029,1000014,10
1000029,1000015,10
1000029,1000016,10
1000029,1000017,10
1000029,1000018,10
1000029,1000019,10
1000029,1000020,10
1000029,1000021,10
1000029,1000022,10
1000029,1000023,10
1000029,1000024,10
1000029,1000025,10
1000029,1000026,10
1000029,1000027,10
1000029,1000028,10
1000029,1000030,10
1000029,1000031,10
1000029,1000032,10
1000029,1000033,10
1000029,1000034,10
1000029,1000035,10
1000029,1000036,10
1000029,1000037,10
1000029,1000038,10
1000029,1000039,10
1000029,1000040,10
1000029,1000041,10
1000029,1000042,10
1000029,1000043,10
1000029,1000044,10
1000029,1000045,10
1000029,1000046,10
1000029,1000047,10
1000029,1000048,10
1000029,1000049,10
1000029,1000050,10
1000030,1000001,10
1000030,1000002,10
1000030,1000003,10
1000030,1000004,10
1000030,1000005,10
1000030,1000006,10
1000030,1000007,10
1000030,1000008,10
1000030,1000009,10
1000030,1000010,10
1000030,1000011,10
1000030,1000012,10
1000030,1000013,10
1000030,1000014,10
1000030,1000015,10
1000030,1000016,10
1000030,1000017,10
1000030,1000018,10
1000030,1000019,10
1000030,1000020,10
1000030,1000021,10
1000030,1000022,10
1000030,1000023,10
1000030,1000024,10
1000030,1000025,10
1000030,1000026,10
1000030,1000027,10
1000030,1000028,10
1000030,1000029,10
1000030,1000031,10
1000030,1000032,10
1000030,1000033,10
1000030,1000034,10
1000030,1000035,10
1000030,1000036,10
1000030,1000037,10
1000030,1000038,10
1000030,1000039,10
1000030,1000040,10
1000030,1000041,10
1000030,1000042,10
1000030,1000043,10
1000030,1000044,10
1000030,1000045,10
1000030,1000046,10
1000030,1000047,10
1000030,1000048,10
1000030,1000049,10
1000030,1000050,10
1000031,1000001,10
1000031,1000002,10
1000031,1000003,10
1000031,1000004,10
1000031,1000005,10
1000031,1000006,10
1000031,1000007,10
1000031,1000008,10
1000031,1000009,10
1000031,1000010,10
1000031,1000011,10
1000031,1000012,10
1000031,1000013,10
1000031,1000014,10
1000031,1000015,10
1000031,1000016,10
1000031,1000017,10
1000031,1000018,10
1000031,1000019,10
1000031,1000020,10
1000031,1000021,10
1000031,1000022,10
1000031,1000023,10
1000031,1000024,10
1000031,1000025,10
1000031,1000026,10
1000031,1000027,10
1000031,1000028,10
1000031,1000029,10
1000031,1000030,10
1000031,1000032,10
1000031,1000033,10
1000031,1000034,10
1000031,1000035,10
1000031,1000036,10
1000031,1000037,10
1000031,1000038,10
1000031,1000039,10
1000031,1000040,10
1000031,1000041,10
1000031,1000042,10
1000031,1000043,10
1000031,1000044,10
1000031,1000045,10
1000031,1000046,10
1000031,1000047,10
1000031,1000048,10
1000031,1000049,10
1000031,1000050,10
1000032,1000001,10
1000032,1000002,10
1000032,1000003,10
1000032,1000004,10
1000032,1000005,10
1000032,1000006,10
1000032,1000007,10
1000032,1000008,10
1000032,1000009,10
1000032,1000010,10
1000032,1000011,10
1000032,1000012,10
1000032,1000013,10
1000032,1000014,10
1000032,1000015,10
1000032,1000016,10
1000032,1000017,10
1000032,1000018,10
1000032,1000019,10
1000032,1000020,10
1000032,1000021,10
1000032,1000022,10
1000032,1000023,10
1000032,1000024,10
1000032,1000025,10
1000032,1000026,10
1000032,1000027,10
1000032,1000028,10
1000032,1000029,10
1000032,1000030,10
1000032,1000031,10
1000032,1000033,10
1000032,1000034,10
1000032,1000035,10
1000032,1000036,10
1000032,1000037,10
1000032,1000038,10
1000032,1000039,10
1000032,1000040,10
1000032,1000041,10
1000032,1000042,10
1000032,1000043,10
1000032,1000044,10
1000032,1000045,10
1000032,1000046,10
1000032,1000047,10
1000032,1000048,10
1000032,1000049,10
1000032,1000050,10
1000033,1000001,10
1000033,1000002,10
1000033,1000003,10
1000033,1000004,10
1000033,1000005,10
1000033,1000006,10
1000033,1000007,10
1000033,1000008,10
1000033,1000009,10
1000033,1000010,10
1000033,1000011,10
1000033,1000012,10
1000033,1000013,10
1000033,1000014,10
1000033,1000015,10
1000033,1000016,10
1000033,1000017,10
1000033,1000018,10
1000033,1000019,10
1000033,1000020,10
1000033,1000021,10
1000033,1000022,10
1000033,1000023,10
1000033,1000024,10
1000033,1000025,10
1000033,1000026,10
1000033,1000027,10
1000033,1000028,10
1000033,1000029,10
1000033,1000030,10
1000033,1000031,10
1000033,1000032,10
1000033,1000034,10
1000033,1000035,10
1000033,1000036,10
1000033,1000037,10
1000033,1000038,10
1000033,1000039,10
1000033,1000040,10
1000033,1000041,10
1000033,1000042,10
1000033,1000043,10
1000033,1000044,10
1000033,1000045,10
1000033,1000046,10
1000033,1000047,10
1000033,1000048,10
1000033,1000049,10
1000033,1000050,10
1000034,1000001,10
1000034,1000002,10
1000034,1000003,10
1000034,1000004,10
1000034,1000005,10
1000034,1000006,10
1000034,1000007,10
1000034,1000008,10
1000034,1000009,10
1000034,1000010,10
1000034,1000011,10
1000034,1000012,10
1000034,1000013,10
1000034,1000014,10
1000034,1000015,10
1000034,1000016,10
1000034,1000017,10
1000034,1000018,10
1000034,1000019,10
1000034,1000020,10
1000034,1000021,10
1000034,1000022,10
1000034,1000023,10
1000034,1000024,10
1000034,1000025,10
1000034,1000026,10
1000034,1000027,10
1000034,1000028,10
1000034,1000029,10
1000034,1000030,10
1000034,1000031,10
1000034,1000032,10
1000034,1000033,10
1000034,1000035,10
1000034,1000036,10
1000034,1000037,10
1000034,1000038,10
1000034,1000039,10
1000034,1000040,10
1000034,1000041,10
1000034,1000042,10
1000034,1000043,10
1000034,1000044,10
1000034,1000045,10
1000034,1000046,10
1000034,1000047,10
1000034,1000048,10
1000034,1000049,10
1000034,1000050,10
1000035,1000001,10
1000035,1000002,10
1000035,1000003,10
1000035,1000004,10
1000035,1000005,10
1000035,1000006,10
1000035,1000007,10
1000035,1000008,10
1000035,1000009,10
1000035,1000010,10
1000035,1000011,10
1000035,1000012,10
1000035,1000013,10
1000035,1000014,10
1000035,1000015,10
1000035,1000016,10
1000035,1000017,10
1000035,1000018,10
1000035,1000019,10
1000035,1000020,10
1000035,1000021,10
1000035,1000022,10
1000035,1000023,10
1000035,1000024,10
1000035,1000025,10
1000035,1000026,10
1000035,1000027,10
1000035,1000028,10
1000035,1000029,10
1000035,1000030,10
1000035,1000031,10
1000035,1000032,10
1000035,1000033,10
1000035,1000034,10
1000035,1000036,10
1000035,1000037,10
1000035,1000038,10
1000035,1000039,10
1000035,1000040,10
1000035,1000041,10
1000035,1000042,10
1000035,1000043,10
1000035,1000044,10
1000035,1000045,10
1000035,1000046,10
1000035,1000047,10
1000035,1000048,10
1000035,1000049,10
1000035,1000050,10
1000036,1000001,10
1000036,1000002,10
1000036,1000003,10
1000036,1000004,10
1000036,1000005,10
1000036,1000006,10
1000036,1000007,10
1000036,1000008,10
1000036,1000009,10
1000036,1000010,10
1000036,1000011,10
1000036,1000012,10
1000036,1000013,10
1000036,1000014,10
1000036,1000015,10
1000036,1000016,10
1000036,1000017,10
1000036,1000018,10
1000036,1000019,10
1000036,1000020,10
1000036,1000021,10
1000036,1000022,10
1000036,1000023,10
1000036,1000024,10
1000036,1000025,10
1000036,1000026,10
1000036,1000027,10
1000036,1000028,10
1000036,1000029,10
1000036,1000030,10
1000036,1000031,10
1000036,1000032,10
1000036,1000033,10
1000036,1000034,10
1000036,1000035,10
1000036,1000037,10
1000036,1000038,10
1000036,1000039,10
1000036,1000040,10
1000036,1000041,10
1000036,1000042,10
1000036,1000043,10
1000036,1000044,10
1000036,1000045,10
1000036,1000046,10
1000036,1000047,10
1000036,1000048,10
1000036,1000049,10
1000036,1000050,10
1000037,1000001,10
1000037,1000002,10
1000037,1000003,10
1000037,1000004,10
1000037,1000005,10
1000037,1000006,10
1000037,1000007,10
1000037,1000008,10
1000037,1000009,10
1000037,1000010,10
1000037,1000011,10
1000037,1000012,10
1000037,1000013,10
1000037,1000014,10
1000037,1000015,10
1000037,1000016,10
1000037,1000017,10
1000037,1000018,10
1000037,1000019,10
1000037,1000020,10
1000037,1000021,10
1000037,1000022,10
1000037,1000023,10
1000037,1000024,10
1000037,1000025,10
1000037,1000026,10
1000037,1000027,10
1000037,1000028,10
1000037,1000029,10
1000037,1000030,10
1000037,1000031,10
1000037,1000032,10
1000037,1000033,10
1000037,1000034,10
1000037,1000035,10
1000037,1000036,10
1000037,1000038,10
1000037,1000039,10
1000037,1000040,10
1000037,1000041,10
1000037,1000042,10
1000037,1000043,10
1000037,1000044,10
1000037,1000045,10
1000037,1000046,10
1000037,1000047,10
1000037,1000048,10
1000037,1000049,10
1000037,1000050,10
1000038,1000001,10
1000038,1000002,10
1000038,1000003,10
1000038,1000004,10
1000038,1000005,10
1000038,1000006,10
1000038,1000007,10
1000038,1000008,10
1000038,1000009,10
1000038,1000010,10
1000038,1000011,10
1000038,1000012,10
1000038,1000013,10
1000038,1000014,10
1000038,1000015,10
1000038,1000016,10
1000038,1000017,10
1000038,1000018,10
1000038,1000019,10
1000038,1000020,10
1000038,1000021,10
1000038,1000022,10
1000038,1000023,10
1000038,1000024,10
1000038,1000025,10
1000038,1000026,10
1000038,1000027,10
1000038,1000028,10
1000038,1000029,10
1000038,1000030,10
1000038,1000031,10
1000038,1000032,10
1000038,1000033,10
1000038,1000034,10
1000038,1000035,10
1000038,1000036,10
1000038,1000037,10
1000038,1000039,10
1000038,1000040,10
1000038,1000041,10
1000038,1000042,10
1000038,1000043,10
1000038,1000044,10
1000038,1000045,10
1000038,1000046,10
1000038,1000047,10
1000038,1000048,10
1000038,1000049,10
1000038,1000050,10
1000039,1000001,10
1000039,1000002,10
1000039,1000003,10
1000039,1000004,10
1000039,1000005,10
1000039,1000006,10
1000039,1000007,10
1000039,1000008,10
1000039,1000009,10
1000039,1000010,10
1000039,1000011,10
1000039,1000012,10
1000039,1000013,10
1000039,1000014,10
1000039,1000015,10
1000039,1000016,10
1000039,1000017,10
1000039,1000018,10
1000039,1000019,10
1000039,1000020,10
1000039,1000021,10
1000039,1000022,10
1000039,1000023,10
1000039,1000024,10
1000039,1000025,10
1000039,1000026,10
1000039,1000027,10
1000039,1000028,10
1000039,1000029,10
1000039,1000030,10
1000039,1000031,10
1000039,1000032,10
1000039,1000033,10
1000039,1000034,10
1000039,1000035,10
1000039,1000036,10
1000039,1000037,10
1000039,1000038,10
1000039,1000040,10
1000039,1000041,10
1000039,1000042,10
1000039,1000043,10
1000039,1000044,10
1000039,1000045,10
1000039,1000046,10
1000039,1000047,10
1000039,1000048,10
1000039,1000049,10
1000039,1000050,10
1000040,1000001,10
1000040,1000002,10
1000040,1000003,10
1000040,1000004,10
1000040,1000005,10
1000040,1000006,10
1000040,1000007,10
1000040,1000008,10
1000040,1000009,10
1000040,1000010,10
1000040,1000011,10
1000040,1000012,10
1000040,1000013,10
1000040,1000014,10
1000040,1000015,10
1000040,1000016,10
1000040,1000017,10
1000040,1000018,10
1000040,1000019,10
1000040,1000020,10
1000040,1000021,10
1000040,1000022,10
1000040,1000023,10
1000040,1000024,10
1000040,1000025,10
1000040,1000026,10
1000040,1000027,10
1000040,1000028,10
1000040,1000029,10
1000040,1000030,10
1000040,1000031,10
1000040,1000032,10
1000040,1000033,10
1000040,1000034,10
1000040,1000035,10
1000040,1000036,10
1000040,1000037,10
1000040,1000038,10
1000040,1000039,10
1000040,1000041,10
1000040,1000042,10
1000040,1000043,10
1000040,1000044,10
1000040,1000045,10
1000040,1000046,10
1000040,1000047,10
1000040,1000048,10
1000040,1000049,10
1000040,1000050,10
1000041,1000001,10
1000041,1000002,10
1000041,1000003,10
1000041,1000004,10
1000041,1000005,10
1000041,1000006,10
1000041,1000007,10
1000041,1000008,10
1000041,1000009,10
1000041,1000010,10
1000041,1000011,10
1000041,1000012,10
1000041,1000013,10
1000041,1000014,10
1000041,1000015,10
1000041,1000016,10
1000041,1000017,10
1000041,1000018,10
1000041,1000019,10
1000041,1000020,10
1000041,1000021,10
1000041,1000022,10
1000041,1000023,10
1000041,1000024,10
1000041,1000025,10
1000041,1000026,10
1000041,1000027,10
1000041,1000028,10
1000041,1000029,10
1000041,1000030,10
1000041,1000031,10
1000041,1000032,10
1000041,1000033,10
1000041,1000034,10
1000041,1000035,10
1000041,1000036,10
1000041,1000037,10
1000041,1000038,10
1000041,1000039,10
1000041,1000040,10
1000041,1000042,10
1000041,1000043,10
1000041,1000044,10
1000041,1000045,10
1000041,1000046,10
1000041,1000047,10
1000041,1000048,10
1000041,1000049,10
1000041,1000050,10
1000042,1000001,10
1000042,1000002,10
1000042,1000003,10
1000042,1000004,10
1000042,1000005,10
1000042,1000006,10
1000042,1000007,10
1000042,1000008,10
1000042,1000009,10
1000042,1000010,10
1000042,1000011,10
1000042,1000012,10
1000042,1000013,10
1000042,1000014,10
1000042,1000015,10
1000042,1000016,10
1000042,1000017,10
1000042,1000018,10
1000042,1000019,10
1000042,1000020,10
1000042,1000021,10
1000042,1000022,10
1000042,1000023,10
1000042,1000024,10
1000042,1000025,10
1000042,1000026,10
1000042,1000027,10
1000042,1000028,10
1000042,1000029,10
1000042,1000030,10
1000042,1000031,10
1000042,1000032,10
1000042,1000033,10
1000042,1000034,10
1000042,1000035,10
1000042,1000036,10
1000042,1000037,10
1000042,1000038,10
1000042,1000039,10
1000042,1000040,10
1000042,1000041,10
1000042,1000043,10
1000042,1000044,10
1000042,1000045,10
1000042,1000046,10
1000042,1000047,10
1000042,1000048,10
1000042,1000049,10
1000042,1000050,10
1000043,1000001,10
1000043,1000002,10
1000043,1000003,10
1000043,1000004,10
1000043,1000005,10
1000043,1000006,10
1000043,1000007,10
1000043,1000008,10
1000043,1000009,10
1000043,1000010,10
1000043,1000011,10
1000043,1000012,10
1000043,1000013,10
1000043,1000014,10
1000043,1000015,10
1000043,1000016,10
1000043,1000017,10
1000043,1000018,10
1000043,1000019,10
1000043,1000020,10
1000043,1000021,10
1000043,1000022,10
1000043,1000023,10
1000043,1000024,10
1000043,1000025,10
1000043,1000026,10
1000043,1000027,10
1000043,1000028,10
1000043,1000029,10
1000043,1000030,10
1000043,1000031,10
1000043,1000032,10
1000043,1000033,10
1000043,1000034,10
1000043,1000035,10
1000043,1000036,10
1000043,1000037,10
1000043,1000038,10
1000043,1000039,10
1000043,1000040,10
1000043,1000041,10
1000043,1000042,10
1000043,1000044,10
1000043,1000045,10
1000043,1000046,10
1000043,1000047,10
1000043,1000048,10
1000043,1000049,10
1000043,1000050,10
1000044,1000001,10
1000044,1000002,10
1000044,1000003,10
1000044,1000004,10
1000044,1000005,10
1000044,1000006,10
1000044,1000007,10
1000044,1000008,10
1000044,1000009,10
1000044,1000010,10
1000044,1000011,10
1000044,1000012,10
1000044,1000013,10
1000044,1000014,10
1000044,1000015,10
1000044,1000016,10
1000044,1000017,10
1000044,1000018,10
1000044,1000019,10
1000044,1000020,10
1000044,1000021,10
1000044,1000022,10
1000044,1000023,10
1000044,1000024,10
1000044,1000025,10
1000044,1000026,10
1000044,1000027,10
1000044,1000028,10
1000044,1000029,10
1000044,1000030,10
1000044,1000031,10
1000044,1000032,10
1000044,1000033,10
1000044,1000034,10
1000044,1000035,10
1000044,1000036,10
1000044,1000037,10
1000044,1000038,10
1000044,1000039,10
1000044,1000040,10
1000044,1000041,10
1000044,1000042,10
1000044,1000043,10
1000044,1000045,10
1000044,1000046,10
1000044,1000047,10
1000044,1000048,10
1000044,1000049,10
1000044,1000050,10
1000045,1000001,10
1000045,1000002,10
1000045,1000003,10
1000045,1000004,10
1000045,1000005,10
1000045,1000006,10
1000045,1000007,10
1000045,1000008,10
1000045,1000009,10
1000045,1000010,10
1000045,1000011,10
1000045,1000012,10
1000045,1000013,10
1000045,1000014,10
1000045,1000015,10
1000045,1000016,10
1000045,1000017,10
1000045,1000018,10
1000045,1000019,10
1000045,1000020,10
1000045,1000021,10
1000045,1000022,10
1000045,1000023,10
1000045,1000024,10
1000045,1000025,10
1000045,1000026,10
1000045,1000027,10
1000045,1000028,10
1000045,1000029,10
1000045,1000030,10
1000045,1000031,10
1000045,1000032,10
1000045,1000033,10
1000045,1000034,10
1000045,1000035,10
1000045,1000036,10
1000045,1000037,10
1000045,1000038,10
1000045,1000039,10
1000045,1000040,10
1000045,1000041,10
1000045,1000042,10
1000045,1000043,10
1000045,1000044,10
1000045,1000046,10
1000045,1000047,10
1000045,1000048,10
1000045,1000049,10
1000045,1000050,10
1000046,1000001,10
1000046,1000002,10
1000046,1000003,10
1000046,1000004,10
1000046,1000005,10
1000046,1000006,10
1000046,1000007,10
1000046,1000008,10
1000046,1000009,10
1000046,1000010,10
1000046,1000011,10
1000046,1000012,10
1000046,1000013,10
1000046,1000014,10
1000046,1000015,10
1000046,1000016,10
1000046,1000017,10
1000046,1000018,10
1000046,1000019,10
1000046,1000020,10
1000046,1000021,10
1000046,1000022,10
1000046,1000023,10
1000046,1000024,10
1000046,1000025,10
1000046,1000026,10
1000046,1000027,10
1000046,1000028,10
1000046,1000029,10
1000046,1000030,10
1000046,1000031,10
1000046,1000032,10
1000046,1000033,10
1000046,1000034,10
1000046,1000035,10
1000046,1000036,10
1000046,1000037,10
1000046,1000038,10
1000046,1000039,10
1000046,1000040,10
1000046,1000041,10
1000046,1000042,10
1000046,1000043,10
1000046,1000044,10
1000046,1000045,10
1000046,1000047,10
1000046,1000048,10
1000046,1000049,10
1000046,1000050,10
1000047,1000001,10
1000047,1000002,10
1000047,1000003,10
1000047,1000004,10
1000047,1000005,10
1000047,1000006,10
1000047,1000007,10
1000047,1000008,10
1000047,1000009,10
1000047,1000010,10
1000047,1000011,10
1000047,1000012,10
1000047,1000013,10
1000047,1000014,10
1000047,1000015,10
1000047,1000016,10
1000047,1000017,10
1000047,1000018,10
1000047,1000019,10
1000047,1000020,10
1000047,1000021,10
1000047,1000022,10
1000047,1000023,10
1000047,1000024,10
1000047,1000025,10
1000047,1000026,10
1000047,1000027,10
1000047,1000028,10
1000047,1000029,10
1000047,1000030,10
1000047,1000031,10
1000047,1000032,10
1000047,1000033,10
1000047,1000034,10
1000047,1000035,10
1000047,1000036,10
1000047,1000037,10
1000047,1000038,10
1000047,1000039,10
1000047,1000040,10
1000047,1000041,10
1000047,1000042,10
1000047,1000043,10
1000047,1000044,10
1000047,1000045,10
1000047,1000046,10
1000047,1000048,10
1000047,1000049,10
1000047,1000050,10
1000048,1000001,10
1000048,1000002,10
1000048,1000003,10
1000048,1000004,10
1000048,1000005,10
1000048,1000006,10
1000048,1000007,10
1000048,1000008,10
1000048,1000009,10
1000048,1000010,10
1000048,1000011,10
1000048,1000012,10
1000048,1000013,10
1000048,1000014,10
1000048,1000015,10
1000048,1000016,10
1000048,1000017,10
1000048,1000018,10
1000048,1000019,10
1000048,1000020,10
1000048,1000021,10
1000048,1000022,10
1000048,1000023,10
1000048,1000024,10
1000048,1000025,10
1000048,1000026,10
1000048,1000027,10
1000048,1000028,10
1000048,1000029,10
1000048,1000030,10
1000048,1000031,10
1000048,1000032,10
1000048,1000033,10
1000048,1000034,10
1000048,1000035,10
1000048,1000036,10
1000048,1000037,10
1000048,1000038,10
1000048,1000039,10
1000048,1000040,10
1000048,1000041,10
1000048,1000042,10
1000048,1000043,10
1000048,1000044,10
1000048,1000045,10
1000048,1000046,10
1000048,1000047,10
1000048,1000049,10
1000048,1000050,10
1000049,1000001,10
1000049,1000002,10
1000049,1000003,10
1000049,1000004,10
1000049,1000005,10
1000049,1000006,10
1000049,1000007,10
1000049,1000008,10
1000049,1000009,10
1000049,1000010,10
1000049,1000011,10
1000049,1000012,10
1000049,1000013,10
1000049,1000014,10
1000049,1000015,10
1000049,1000016,10
1000049,1000017,10
1000049,1000018,10
1000049,1000019,10
1000049,1000020,10
1000049,1000021,10
1000049,1000022,10
1000049,1000023,10
1000049,1000024,10
1000049,1000025,10
1000049,1000026,10
1000049,1000027,10
1000049,1000028,10
1000049,1000029,10
1000049,1000030,10
1000049,1000031,10
1000049,1000032,10
1000049,1000033,10
1000049,1000034,10
1000049,1000035,10
1000049,1000036,10
1000049,1000037,10
1000049,1000038,10
1000049,1000039,10
1000049,1000040,10
1000049,1000041,10
1000049,1000042,10
1000049,1000043,10
1000049,1000044,10
1000049,1000045,10
1000049,1000046,10
1000049,1000047,10
1000049,1000048,10
1000049,1000050,10
1000050,1000001,10
1000050,1000002,10
1000050,1000003,10
1000050,1000004,10
1000050,1000005,10
1000050,1000006,10
1000050,1000007,10
1000050,1000008,10
1000050,1000009,10
1000050,1000010,10
1000050,1000011,10
1000050,1000012,10
1000050,1000013,10
1000050,1000014,10
1000050,1000015,10
1000050,1000016,10
1000050,1000017,10
1000050,1000018,10
1000050,1000019,10
1000050,1000020,10
1000050,1000021,10
1000050,1000022,10
1000050,1000023,10
1000050,1000024,10
1000050,1000025,10
1000050,1000026,10
1000050,1000027,10
1000050,1000028,10
1000050,1000029,10
1000050,1000030,10
1000050,1000031,10
1000050,1000032,10
1000050,1000033,10
1000050,1000034,10
1000050,1000035,10
1000050,1000036,10
1000050,1000037,10
1000050,1000038,10
1000050,1000039,10
1000050,1000040,10
1000050,1000041,10
1000050,1000042,10
1000050,1000043,10
1000050,1000044,10
1000050,1000045,10
1000050,1000046,10
1000050,1000047,10
1000050,1000048,10
1000050,1000049,10
